"","prop1_mean","prop1_std","prop2_mean","prop2_std","coeff_mean","coeff_std","intecept_mean","intecept_std","pvals"
"CD4 T cells",0.397958328404863,0.122569696709307,0.405739908418568,0.128391520658379,-0.0190323924917349,0.104654884566989,-0.342389988430652,0.0903844486684415,0.855693682296962
"CD14+ Monocytes",0.249289670160891,0.0749902439487491,0.228795344673614,0.0627780619676395,0.0720722235322994,0.115244955441957,-1.29173182984549,0.0998837254828601,0.531719787696397
"Dendritic cells",0.0165874728280572,0.00543573337767575,0.0185257816489166,0.00679745181578283,-0.0479784697971641,0.28463112016221,-4.08735775982275,0.222245313666457,0.86613984880433
"NK cells",0.0700069802336463,0.0216734180692035,0.0858534711767645,0.0243438477913112,-0.160950970083491,0.163250375993499,-2.35280210243432,0.143679002361479,0.324174898724112
"CD8 T cells",0.0909329231422181,0.0908024342202257,0.0825105725610716,0.0919763724002131,0.0610361833937947,0.18411214339771,-2.32244473526107,0.168087665364214,0.740254502810333
"B cells",0.0938342144060584,0.0332447003616455,0.0913402943725697,0.0270868449832284,0.0511411481767173,0.139902496933672,-2.23911473274575,0.123206796299499,0.71470200861846
"Megakaryocytes",0.0169764353158302,0.0190552816929726,0.0153476441969341,0.0174447954871258,-0.0472501680657476,0.324387662745548,-4.3890153834074,0.265742958137235,0.88419013789482
"FCGR3A+ Monocytes",0.0644139755084353,0.0237587451316143,0.0718869829515618,0.0297828849118238,-0.068043037147968,0.18393153925273,-2.61898472273871,0.148578323829543,0.711429613069402
