"","prop1_mean","prop1_std","prop2_mean","prop2_std","coeff_mean","coeff_std","intecept_mean","intecept_std","pvals"
"CD4 T cells",0.397958328404863,0.122569696709307,0.405739908418568,0.128391520658379,-0.0274390317541186,0.023820775979581,-0.333125092216051,0.0168755571427258,0.249364240245388
"CD14+ Monocytes",0.249289670160891,0.0749902439487491,0.228795344673614,0.0627780619676395,0.0971376294806657,0.028258909339524,-1.30425555701158,0.0203104911164273,0.000587292667524065
"Dendritic cells",0.0165874728280572,0.00543573337767575,0.0185257816489166,0.00679745181578283,-0.0900223738610842,0.0928808489498417,-4.05931640853846,0.0644366148307338,0.332433299818662
"NK cells",0.0700069802336463,0.0216734180692035,0.0858534711767645,0.0243438477913112,-0.226721167328601,0.0433939740602308,-2.33110340330046,0.0292890530463907,1.74423115486683e-07
"CD8 T cells",0.0909329231422181,0.0908024342202257,0.0825105725610716,0.0919763724002131,0.140393555909665,0.040956543160893,-2.37833602961095,0.0298664288043194,0.00060834488443236
"B cells",0.0938342144060584,0.0332447003616455,0.0913402943725697,0.0270868449832284,0.060426072830403,0.0392841783881507,-2.23781666037138,0.0281963950752068,0.124005012180273
"Megakaryocytes",0.0169764353158302,0.0190552816929726,0.0153476441969341,0.0174447954871258,-0.094344392549879,0.108254247609027,-4.37218671439191,0.0750045767610381,0.383477093143132
"FCGR3A+ Monocytes",0.0644139755084353,0.0237587451316143,0.0718869829515618,0.0297828849118238,-0.127317105035263,0.0473624281957284,-2.58959729827475,0.032657551730917,0.00718500505497724
