"","prop1_mean","prop1_std","prop2_mean","prop2_std","coeff_mean","coeff_std","intecept_mean","intecept_std","pvals","LRT_pvals"
"CD4 T cells",0.397958328404863,0.122569696709307,0.405739908418568,0.128391520658379,-0.018984432039939,0.106344687717443,-0.340130544170715,0.090840865792748,0.858316252166681,0.399388417829156
"CD14+ Monocytes",0.249289670160891,0.0749902439487491,0.228795344673614,0.0627780619676395,0.0978474001442729,0.115149165840851,-1.3049026311413,0.0943833638108098,0.39546700807479,0.000527080255576043
"Dendritic cells",0.0165874728280572,0.00543573337767575,0.0185257816489166,0.00679745181578283,-0.0836219644951191,0.279736696037252,-4.07011084040524,0.220586231249759,0.764992709168261,0.403599541009718
"NK cells",0.0700069802336463,0.0216734180692035,0.0858534711767645,0.0243438477913112,-0.212272990009453,0.165449988156258,-2.3461120571203,0.135157350222636,0.19949068866421,9.61070230006131e-07
"CD8 T cells",0.0909329231422181,0.0908024342202257,0.0825105725610716,0.0919763724002131,0.101517462138138,0.18311084961186,-2.33906592937497,0.155289377401515,0.579302110189364,0.0142577537624975
"B cells",0.0938342144060584,0.0332447003616455,0.0913402943725697,0.0270868449832284,0.059193492506172,0.141418285456649,-2.23983294438082,0.113226288673679,0.675530207661776,0.127373002848714
"Megakaryocytes",0.0169764353158302,0.0190552816929726,0.0153476441969341,0.0174447954871258,-0.101781969492895,0.328679760201095,-4.35415357790733,0.269957976644302,0.75681259388911,0.303345342807763
"FCGR3A+ Monocytes",0.0644139755084353,0.0237587451316143,0.0718869829515618,0.0297828849118238,-0.130370985717629,0.195556955429131,-2.59023918130324,0.142575989936598,0.504986113698155,0.00692479803324652
